r,meff,dmeff,config
1,0.169124221241475,0.000544530354090925,8
2,0.259811096288982,0.00159828647865192,13
