r,t1,t2,meff,dmeff,chi2,dof,chi2red

1,1,2,0.339543669693219,0.00014245123353712,26.8243110509346
