r,meff,dmeff,config
1,0.266537581375769,0.000513093037077045,1
2,0.46146019961775,0.0011097501930331,4
3,0.625587921285277,0.0040584022954293,6
4,0.752914443483698,0.0105519643370251,1
