r,meff,dmeff
1,0.262984751956029,0.000277577517980107
