r,meff,dmeff,config
1,0.339538954581416,0.00082651222461219,20
2,0.611382242296467,0.00270713121205379,18
3,0.864572033171171,0.00911228375127423,12
